{"0": {"train": 7058789.478571429, "test": 5042725.611111111}, "1": {"train": 3266240.567857143, "test": 2172785.777777778}, "2": {"train": 1580611.4982142858, "test": 1110076.5208333333}, "3": {"train": 1016038.9910714285, "test": 921262.1666666666}, "4": {"train": 893142.7964285715, "test": 1757208.4583333333}, "5": {"train": 872724.5375, "test": 1054217.7708333333}, "6": {"train": 865217.3785714286, "test": 2518965.5}, "7": {"train": 856593.1517857143, "test": 863652.9236111111}, "8": {"train": 842095.1553571429, "test": 1587726.0972222222}, "9": {"train": 812122.9383928571, "test": 984368.4097222222}, "10": {"train": 805470.1892857143, "test": 2573010.5416666665}, "11": {"train": 775884.7625, "test": 967386.1597222222}, "12": {"train": 731761.4580357143, "test": 907176.375}, "13": {"train": 704617.1160714285, "test": 914595.7986111111}, "14": {"train": 684746.7946428572, "test": 1138904.8194444445}, "15": {"train": 668516.6526785714, "test": 894396.7847222222}, "16": {"train": 655054.7732142857, "test": 834012.4375}, "17": {"train": 638845.1446428571, "test": 912923.7847222222}, "18": {"train": 625332.8991071428, "test": 1011956.4513888889}, "19": {"train": 615024.6866071429, "test": 1057505.5625}, "20": {"train": 605781.9767857143, "test": 940899.1736111111}, "21": {"train": 599166.675, "test": 825951.5104166666}, "22": {"train": 590144.0928571429, "test": 1099332.7083333333}, "23": {"train": 579667.8892857142, "test": 832800.4513888889}, "24": {"train": 559901.8866071429, "test": 1041349.1875}, "25": {"train": 535949.5678571429, "test": 1306920.3333333333}, "26": {"train": 523782.49910714285, "test": 958364.8680555555}, "27": {"train": 535780.7964285715, "test": 923530.3958333334}, "28": {"train": 569950.9044642857, "test": 988518.3958333334}, "29": {"train": 553696.7241071429, "test": 978276.2361111111}, "30": {"train": 515948.8669642857, "test": 998157.6180555555}, "31": {"train": 495155.20892857143, "test": 1258177.263888889}, "32": {"train": 459440.92142857146, "test": 1034093.5625}, "33": {"train": 426836.3330357143, "test": 1160738.8194444445}, "34": {"train": 398451.0125, "test": 962564.1180555555}, "35": {"train": 373854.34642857144, "test": 899926.9722222222}, "36": {"train": 358431.31473214284, "test": 1035192.1458333334}, "37": {"train": 343747.528125, "test": 1198310.7916666667}, "38": {"train": 328911.2098214286, "test": 1475618.7916666667}, "39": {"train": 318838.0830357143, "test": 1201595.2708333333}, "40": {"train": 311339.33258928574, "test": 1543211.611111111}, "41": {"train": 304533.1767857143, "test": 1204633.7916666667}, "42": {"train": 293269.39508928574, "test": 950673.3888888889}, "43": {"train": 288788.13973214285, "test": 1114390.138888889}, "44": {"train": 267033.4754464286, "test": 1086027.5277777778}, "45": {"train": 250759.92723214286, "test": 1139061.2847222222}, "46": {"train": 233553.57924107142, "test": 1369576.361111111}, "47": {"train": 226116.85736607143, "test": 967839.9513888889}, "48": {"train": 219032.20178571428, "test": 1054826.826388889}, "49": {"train": 201386.9515625, "test": 1033917.7569444445}, "50": {"train": 191445.15580357143, "test": 1288253.9652777778}, "51": {"train": 174977.41450892857, "test": 1010601.1805555555}, "52": {"train": 160117.6908482143, "test": 874552.3611111111}, "53": {"train": 159609.11428571428, "test": 981805.5763888889}, "54": {"train": 160221.51026785714, "test": 1336662.763888889}, "55": {"train": 161804.69642857142, "test": 1090461.0694444445}, "56": {"train": 148813.71183035715, "test": 1037057.3888888889}, "57": {"train": 132978.89296875, "test": 982125.0555555555}, "58": {"train": 121222.28113839286, "test": 924808.0208333334}, "59": {"train": 115722.0703125, "test": 1043048.6944444445}, "60": {"train": 103016.49732142857, "test": 1053119.1180555555}, "61": {"train": 100302.35658482143, "test": 914389.8333333334}, "62": {"train": 98655.16640625, "test": 972190.2986111111}, "63": {"train": 101236.09921875, "test": 1098597.6527777778}, "64": {"train": 93953.03203125, "test": 927326.3263888889}, "65": {"train": 76541.46462053571, "test": 1014787.3611111111}, "66": {"train": 75956.57154017857, "test": 1087839.8680555555}, "67": {"train": 68296.51685267857, "test": 1054719.0416666667}, "68": {"train": 66396.46026785714, "test": 970633.3888888889}, "69": {"train": 64031.415234375, "test": 1013410.4583333334}, "70": {"train": 59499.87611607143, "test": 1013417.2986111111}, "71": {"train": 58664.575223214284, "test": 1074139.7569444445}, "72": {"train": 56289.51964285714, "test": 934452.125}, "73": {"train": 51543.456752232145, "test": 917267.3333333334}, "74": {"train": 53557.24469866072, "test": 1004297.6319444445}, "75": {"train": 52960.17075892857, "test": 873113.5138888889}, "76": {"train": 49209.27739955357, "test": 915364.1666666666}, "77": {"train": 47516.13136160714, "test": 961553.8541666666}, "78": {"train": 46385.32734375, "test": 958898.4652777778}, "79": {"train": 47637.07779017857, "test": 964364.6944444445}, "80": {"train": 48164.61651785715, "test": 1110551.298611111}, "81": {"train": 50967.98024553571, "test": 1109667.0277777778}, "82": {"train": 51061.02354910714, "test": 920112.9861111111}, "83": {"train": 50222.51635044643, "test": 896325.3958333334}, "84": {"train": 45401.394140625, "test": 963630.9583333334}, "85": {"train": 40685.10970982143, "test": 919568.2083333334}, "86": {"train": 38456.541796875, "test": 918853.4861111111}, "87": {"train": 34261.415569196426, "test": 871225.7083333334}, "88": {"train": 33937.40061383929, "test": 1121122.576388889}, "89": {"train": 32687.894308035713, "test": 994618.0}, "90": {"train": 32432.130636160713, "test": 904053.8958333334}, "91": {"train": 37405.78021763393, "test": 940534.2986111111}, "92": {"train": 36499.66082589285, "test": 985025.7430555555}, "93": {"train": 30511.251395089286, "test": 1119557.576388889}, "94": {"train": 29427.735267857144, "test": 975913.4722222222}, "95": {"train": 27298.33816964286, "test": 962101.3958333334}, "96": {"train": 24942.65970982143, "test": 972049.6458333334}, "97": {"train": 26300.482310267857, "test": 887625.4444444445}, "98": {"train": 24417.351785714287, "test": 998220.3194444445}, "99": {"train": 24749.020033482142, "test": 1005214.75}}