{"0": {"train": 6949503.278571429, "test": 4859236.888888889}, "1": {"train": 3097674.5214285715, "test": 1908071.1805555555}, "2": {"train": 1405847.7910714287, "test": 1036985.4166666666}, "3": {"train": 987911.0464285715, "test": 2268240.9444444445}, "4": {"train": 885170.8892857142, "test": 1231872.0277777778}, "5": {"train": 828285.8107142857, "test": 1228554.5277777778}, "6": {"train": 772959.7642857142, "test": 750143.4583333334}, "7": {"train": 740159.18125, "test": 715646.4097222222}, "8": {"train": 721079.99375, "test": 691877.3263888889}, "9": {"train": 715156.1901785714, "test": 739250.2847222222}, "10": {"train": 718495.3205357143, "test": 858768.5486111111}, "11": {"train": 674366.7375, "test": 777412.4791666666}, "12": {"train": 661146.6160714285, "test": 691071.7361111111}, "13": {"train": 631993.3508928572, "test": 688190.1875}, "14": {"train": 584973.4553571428, "test": 768953.3333333334}, "15": {"train": 563405.6589285714, "test": 874283.2986111111}, "16": {"train": 538815.4589285714, "test": 682398.9930555555}, "17": {"train": 498164.8330357143, "test": 725687.8020833334}, "18": {"train": 469934.4285714286, "test": 685032.46875}, "19": {"train": 449868.47142857144, "test": 755481.1805555555}, "20": {"train": 424237.0236607143, "test": 769086.4166666666}, "21": {"train": 394688.16919642856, "test": 792935.0694444445}, "22": {"train": 374828.5901785714, "test": 679860.2638888889}, "23": {"train": 349032.4303571429, "test": 716353.5}, "24": {"train": 329106.2361607143, "test": 828719.7222222222}, "25": {"train": 313608.1357142857, "test": 746564.125}, "26": {"train": 299874.73125, "test": 672691.8333333334}, "27": {"train": 270975.8544642857, "test": 636304.9131944445}, "28": {"train": 242873.27410714285, "test": 739809.2083333334}, "29": {"train": 225633.34464285715, "test": 655733.9722222222}, "30": {"train": 214963.0919642857, "test": 629857.0069444445}, "31": {"train": 197987.21919642857, "test": 648372.0520833334}, "32": {"train": 182638.28191964285, "test": 640818.1180555555}, "33": {"train": 172740.99308035715, "test": 765559.2777777778}, "34": {"train": 168693.79709821427, "test": 729959.0277777778}, "35": {"train": 159657.11741071427, "test": 802852.3958333334}, "36": {"train": 155771.4200892857, "test": 792347.2777777778}, "37": {"train": 140951.7296875, "test": 753195.3819444445}, "38": {"train": 138256.73973214286, "test": 795786.0972222222}, "39": {"train": 132354.11808035715, "test": 947828.1736111111}, "40": {"train": 120852.16651785714, "test": 703710.9791666666}, "41": {"train": 111726.05580357143, "test": 765442.8819444445}, "42": {"train": 102497.72276785714, "test": 845198.5069444445}, "43": {"train": 99066.12165178571, "test": 692793.6111111111}, "44": {"train": 93067.4869419643, "test": 739232.6805555555}, "45": {"train": 94533.81852678572, "test": 705558.5208333334}, "46": {"train": 88936.85435267857, "test": 782375.0208333334}, "47": {"train": 83782.3140625, "test": 860236.625}, "48": {"train": 82248.69754464286, "test": 688845.9444444445}, "49": {"train": 75775.52075892857, "test": 682000.0972222222}, "50": {"train": 73410.35133928571, "test": 670169.7916666666}, "51": {"train": 70218.27008928571, "test": 696772.2013888889}, "52": {"train": 62838.86450892857, "test": 664086.6736111111}, "53": {"train": 59339.32734375, "test": 641835.7222222222}, "54": {"train": 57715.12416294643, "test": 633999.1597222222}, "55": {"train": 54323.420535714286, "test": 605217.3229166666}, "56": {"train": 50688.85228794643, "test": 651661.9652777778}, "57": {"train": 47045.73275669643, "test": 647904.0486111111}, "58": {"train": 43074.62488839286, "test": 641184.7013888889}, "59": {"train": 41355.40797991071, "test": 626250.6909722222}, "60": {"train": 39223.710239955355, "test": 680389.6527777778}, "61": {"train": 36643.52628348214, "test": 635521.6944444445}, "62": {"train": 36012.28727678571, "test": 625647.8958333334}, "63": {"train": 33677.34193638393, "test": 655050.8263888889}, "64": {"train": 32671.405915178573, "test": 630832.0833333334}, "65": {"train": 32223.301729910716, "test": 640069.7361111111}, "66": {"train": 32331.611439732143, "test": 666110.1736111111}, "67": {"train": 30986.982393973216, "test": 712825.6111111111}, "68": {"train": 28274.030189732144, "test": 633648.7569444445}, "69": {"train": 25816.439787946427, "test": 609516.3506944445}, "70": {"train": 23622.77095424107, "test": 633516.375}, "71": {"train": 21987.911356026787, "test": 608797.4340277778}, "72": {"train": 20780.278292410716, "test": 614888.0138888889}, "73": {"train": 21664.942299107144, "test": 635617.3472222222}, "74": {"train": 22297.30072544643, "test": 603637.8472222222}, "75": {"train": 23014.537974330357, "test": 595289.6006944445}, "76": {"train": 40608.96623883928, "test": 700337.9027777778}, "77": {"train": 89087.57756696429, "test": 720944.0069444445}, "78": {"train": 110734.784375, "test": 695344.0972222222}, "79": {"train": 110585.67745535714, "test": 739448.3958333334}, "80": {"train": 92337.24564732143, "test": 631973.5347222222}, "81": {"train": 68392.5140625, "test": 689662.1319444445}, "82": {"train": 47940.134765625, "test": 639467.2256944445}, "83": {"train": 36720.42739955357, "test": 656510.8888888889}, "84": {"train": 32421.350613839284, "test": 699080.7569444445}, "85": {"train": 27934.193359375, "test": 607067.4444444445}, "86": {"train": 26742.457114955356, "test": 614740.7291666666}, "87": {"train": 26695.303376116073, "test": 642866.5208333334}, "88": {"train": 24906.010407366073, "test": 612341.0625}, "89": {"train": 22981.86763392857, "test": 628393.0555555555}, "90": {"train": 21266.369698660714, "test": 652604.3055555555}, "91": {"train": 17927.252762276785, "test": 609804.7604166666}, "92": {"train": 17541.36665736607, "test": 609067.2048611111}, "93": {"train": 19011.776199776785, "test": 603109.5277777778}, "94": {"train": 18278.950558035714, "test": 579011.3784722222}, "95": {"train": 19054.707338169643, "test": 567890.3402777778}, "96": {"train": 20589.65552455357, "test": 555141.9236111111}, "97": {"train": 20896.384598214285, "test": 611300.4166666666}, "98": {"train": 22230.060853794643, "test": 619341.2395833334}, "99": {"train": 25659.419084821428, "test": 603286.6388888889}}